{
  "name": "chosen_v1.2.0",
  "_cacheHeaders": {
    "ETag": "\"cfc0fa24766d25c53f431ecf3a77e42c\"",
    "Last-Modified": "Tue, 23 Sep 2014 22:29:01 GMT",
    "Content-Length": "373557",
    "Content-Type": "application/octet-stream",
    "Content-Disposition": "attachment; filename=chosen_v1.2.0.zip"
  },
  "_release": "e-tag:cfc0fa247",
  "_source": "https://github.com/harvesthq/chosen/releases/download/v1.2.0/chosen_v1.2.0.zip",
  "_target": "*",
  "_originalSource": "https://github.com/harvesthq/chosen/releases/download/v1.2.0/chosen_v1.2.0.zip",
  "_direct": true
}